[{
  "ID": "9F3E8D3DCE014691B48AC9415F7039A2",
  "Category": "button",
  "Label": "Submit",
  "Position": {
    "x": 1,
    "y": 3
  },
  "Size": {
    "width": 1,
    "height": 1
  },
  "Alignment": {
    "Value": ""
  },
  "Visible": {
    "Value": true
  },
  "Foreground": {},
  "Background": {
    "Color": {
      "Value": "#29b6f6",
      "text": ""
    }
  },
  "Border": {
    "Style": "solid",
    "Width": "1",
    "BorderColor": {
      "Value": "#4fc3f7",
      "text": ""
    }
  },
  "Anchor": "",
  "Font": {},
  "RuleList": {},
  "className": "default"
}, {
  "ID": "70A51D1EAAB547D3A60B0D7791B728F9",
  "Category": "select",
  "Label": "Password",
  "Position": {
    "x": 1,
    "y": 2
  },
  "Size": {
    "width": 2,
    "height": 1
  },
  "Alignment": {
    "Value": ""
  },
  "Visible": {
    "Value": true
  },
  "Foreground": {},
  "Background": {
    "Color": {
      "Value": "#212121",
      "text": ""
    }
  },
  "Border": {
    "Style": "solid",
    "Width": "1",
    "BorderColor": {
      "Value": "#616161",
      "text": ""
    }
  },
  "Anchor": "",
  "Font": {},
  "RuleList": {}
}, {
  "ID": "DD53517108704E1DBBC0CB92F26895B0",
  "Category": "label",
  "Label": "Form",
  "Position": {
    "x": 1,
    "y": 0
  },
  "Size": {
    "width": 1,
    "height": 1
  },
  "Alignment": {
    "Value": ""
  },
  "Visible": {
    "Value": true
  },
  "Foreground": {},
  "Background": {
    "Color": {
      "Value": "#4fc3f7",
      "text": ""
    }
  },
  "Border": {
    "Style": "solid",
    "Width": 0,
    "BorderColor": {
      "Value": "#29b6f6",
      "text": ""
    }
  },
  "Anchor": "",
  "Font": {},
  "RuleList": {}
}, {
  "ID": "6D4D11EAC5F14B6089744175C2F18DDE",
  "Category": "input",
  "Label": "Name",
  "Position": {
    "x": 1,
    "y": 1
  },
  "Size": {
    "width": 2,
    "height": 1
  },
  "Alignment": {
    "Value": ""
  },
  "Visible": {
    "Value": true
  },
  "Foreground": {},
  "Background": {
    "Color": {
      "Value": "#212121",
      "text": ""
    }
  },
  "Border": {
    "Style": "solid",
    "Width": "1",
    "BorderColor": {
      "Value": "#616161",
      "text": ""
    }
  },
  "Anchor": "",
  "Font": {},
  "RuleList": {}
}]
